﻿pos_x,pos_y,rotation,side,designator,mpn,pack,value,mount_type,place
192.858129,-145.199293,0.0,top,,,teeth F.Cu,,tht,False
199.0,-143.29,0.0,top,,,fr4 eyes F.Mask,,tht,False
191.892907,-146.419727,0.0,top,,,sjcet_copper_red F.Cu,,tht,False
192.958129,-145.319293,0.0,top,,,teeth_for _expose F.Mask,,tht,False
185.0,-92.0,0.0,top,,,Silkscreen_wolf F.SilkS,,tht,False
201.93,-94.234,90.0,bottom,BT1,,battery_pads,3V,smt,True
189.23,-92.71,90.0,bottom,C1,,C_1206_3216Metric,2uf,smt,True
188.0,-85.0,180.0,bottom,D1,,LED_0805_2012Metric,LED,smt,True
182.88,-83.82,180.0,bottom,R1,,R_1206_3216Metric,470k,smt,True
182.88,-86.36,0.0,bottom,R2,,R_0805_2012Metric,100k,smt,True
187.7675,-87.63,180.0,bottom,R3,,R_1206_3216Metric,270,smt,True
183.475,-92.71,180.0,bottom,U1,,SOIC-8_3.9x4.9mm_P1.27mm,NA555D,smt,True
